account_id,company_name,industry,region,amount,days_overdue,payment_history_score,shipment_volume_change_30d,email_opened,dispute_flag,outcome
ACC0,Company_0,Construction,West,10078,72,0.28,-0.42,0,1,0
ACC1,Company_1,Medical,West,26003,68,0.31,-0.38,0,0,0
ACC2,Company_2,Textile,West,7090,75,0.22,-0.45,0,0,0
ACC3,Company_3,Medical,West,39850,12,0.85,0.35,0,0,1
ACC4,Company_4,Medical,West,2925,8,0.91,0.42,1,0,1
ACC5,Company_5,Tech,North,19440,78,0.19,-0.41,1,0,0
ACC6,Company_6,Textile,West,40685,15,0.88,0.38,1,0,1
ACC7,Company_7,Textile,North,27015,22,0.79,0.29,0,0,1
ACC8,Company_8,Textile,West,34320,18,0.92,0.33,1,0,1
ACC9,Company_9,Medical,East,26291,65,0.25,-0.44,1,0,0
ACC10,Company_10,Construction,South,37679,71,0.33,-0.39,1,0,0
ACC11,Company_11,Textile,North,27289,82,0.27,-0.47,1,0,0
ACC12,Company_12,Medical,West,4389,77,0.21,-0.43,1,0,0
ACC13,Company_13,Tech,East,26683,69,0.35,-0.36,0,1,0
ACC14,Company_14,Construction,South,14629,11,0.89,0.41,0,0,1
ACC15,Company_15,Tech,North,25826,25,0.82,0.27,1,0,1
ACC16,Company_16,Construction,South,36198,19,0.76,0.32,0,0,1
ACC17,Company_17,Medical,East,27630,5,0.94,0.48,0,0,1
ACC18,Company_18,Retail,North,34226,84,0.18,-0.49,1,0,0
ACC19,Company_19,Construction,South,47163,79,0.24,-0.38,1,0,0
ACC20,Company_20,Tech,West,33975,9,0.87,0.36,0,0,1
ACC21,Company_21,Medical,North,1899,14,0.93,0.44,1,0,1
ACC22,Company_22,Construction,South,12653,73,0.29,-0.41,0,0,0
ACC23,Company_23,Retail,East,28961,7,0.81,0.39,0,1,1
ACC24,Company_24,Retail,East,17405,16,0.86,0.31,1,1,1
ACC25,Company_25,Textile,North,9601,88,0.17,-0.48,0,0,0
ACC26,Company_26,Textile,South,34662,76,0.32,-0.44,0,0,0
ACC27,Company_27,Tech,North,34282,67,0.26,-0.37,0,0,0
ACC28,Company_28,Construction,North,22288,81,0.23,-0.46,1,0,0
ACC29,Company_29,Construction,South,30545,74,0.34,-0.42,1,0,0
ACC30,Company_30,Textile,South,37877,70,0.28,-0.39,1,0,0
ACC31,Company_31,Construction,West,47026,83,0.19,-0.45,1,1,0
ACC32,Company_32,Construction,South,16313,86,0.21,-0.48,0,1,0
ACC33,Company_33,Retail,East,16349,66,0.31,-0.36,1,0,0
ACC34,Company_34,Textile,North,8179,89,0.16,-0.47,1,0,0
ACC35,Company_35,Medical,North,11326,13,0.84,0.37,1,0,1
ACC36,Company_36,Textile,East,45555,85,0.22,-0.43,1,0,0
ACC37,Company_37,Medical,South,2560,78,0.27,-0.41,0,0,0
ACC38,Company_38,Retail,East,14612,21,0.78,0.34,0,0,1
ACC39,Company_39,Tech,East,18650,72,0.33,-0.38,0,0,0
ACC40,Company_40,Construction,West,27745,69,0.25,-0.44,1,0,0
ACC41,Company_41,Retail,East,32890,17,0.91,0.43,1,0,1
ACC42,Company_42,Construction,North,21022,87,0.18,-0.49,0,0,0
ACC43,Company_43,Tech,East,5780,6,0.95,0.47,1,0,1
ACC44,Company_44,Tech,North,19311,75,0.29,-0.42,1,0,0
ACC45,Company_45,Retail,North,29380,23,0.83,0.28,0,0,1
ACC46,Company_46,Tech,North,45662,64,0.34,-0.35,0,0,0
ACC47,Company_47,Medical,South,3356,71,0.26,-0.46,1,0,0
ACC48,Company_48,Tech,West,5790,80,0.21,-0.43,1,0,0
ACC49,Company_49,Construction,North,27911,10,0.88,0.41,1,1,1
ACC50,Company_50,Construction,North,25363,77,0.24,-0.39,0,0,0
ACC51,Company_51,Construction,South,21049,24,0.79,0.33,0,0,1
ACC52,Company_52,Construction,North,11181,82,0.28,-0.47,0,0,0
ACC53,Company_53,Medical,East,40825,19,0.85,0.38,0,0,1
ACC54,Company_54,Textile,East,17082,15,0.92,0.45,1,0,1
ACC55,Company_55,Retail,West,1661,84,0.17,-0.48,0,1,0
ACC56,Company_56,Construction,North,38412,68,0.32,-0.36,0,0,0
ACC57,Company_57,Tech,South,49479,73,0.23,-0.41,1,0,0
ACC58,Company_58,Construction,East,3920,79,0.19,-0.44,1,0,0
ACC59,Company_59,Tech,South,26658,86,0.25,-0.49,1,0,0
ACC60,Company_60,Tech,South,49770,76,0.31,-0.42,0,0,0
ACC61,Company_61,Construction,East,15025,70,0.27,-0.37,1,0,0
ACC62,Company_62,Medical,South,9946,81,0.22,-0.45,1,0,0
ACC63,Company_63,Tech,East,29706,12,0.87,0.36,0,0,1
ACC64,Company_64,Tech,South,46500,74,0.33,-0.38,0,0,0
ACC65,Company_65,Construction,East,40004,67,0.29,-0.43,1,0,0
ACC66,Company_66,Tech,North,17309,83,0.18,-0.46,0,1,0
ACC67,Company_67,Tech,West,47286,8,0.94,0.49,1,0,1
ACC68,Company_68,Construction,East,34120,85,0.24,-0.48,1,0,0
ACC69,Company_69,Construction,East,31027,72,0.35,-0.35,0,0,0
ACC70,Company_70,Retail,West,8005,78,0.21,-0.41,1,0,0
ACC71,Company_71,Medical,East,47804,69,0.26,-0.39,0,0,0
ACC72,Company_72,Medical,East,1956,88,0.16,-0.47,0,0,0
ACC73,Company_73,Tech,South,35839,11,0.89,0.42,0,0,1
ACC74,Company_74,Medical,West,9595,18,0.93,0.31,1,0,1
ACC75,Company_75,Tech,North,48908,75,0.28,-0.44,0,0,0
ACC76,Company_76,Retail,East,13803,14,0.82,0.37,0,0,1
ACC77,Company_77,Construction,West,26963,71,0.32,-0.36,1,0,0
ACC78,Company_78,Construction,South,37221,9,0.96,0.46,1,0,1
ACC79,Company_79,Construction,North,40443,7,0.91,0.43,1,1,1
ACC80,Company_80,Medical,West,34723,77,0.23,-0.42,1,0,0
ACC81,Company_81,Retail,North,40063,22,0.78,0.29,0,0,1
ACC82,Company_82,Medical,North,49689,80,0.27,-0.45,0,0,0
ACC83,Company_83,Medical,North,16282,66,0.34,-0.38,0,0,0
ACC84,Company_84,Retail,East,5703,84,0.19,-0.49,1,0,0
ACC85,Company_85,Retail,East,7563,73,0.25,-0.41,1,1,0
ACC86,Company_86,Retail,South,26849,5,0.88,0.35,0,0,1
ACC87,Company_87,Retail,South,32860,25,0.81,0.33,1,0,1
ACC88,Company_88,Construction,West,32585,87,0.17,-0.47,1,0,0
ACC89,Company_89,Textile,South,23015,16,0.85,0.41,0,0,1
ACC90,Company_90,Textile,North,13003,21,0.79,0.28,0,0,1
ACC91,Company_91,Retail,North,44585,76,0.31,-0.43,1,0,0
ACC92,Company_92,Textile,East,27958,13,0.92,0.39,1,0,1
ACC93,Company_93,Textile,North,27017,89,0.18,-0.48,1,0,0
ACC94,Company_94,Retail,West,12171,82,0.22,-0.44,0,0,0
ACC95,Company_95,Textile,North,46350,6,0.95,0.47,0,0,1
ACC96,Company_96,Medical,North,13201,79,0.26,-0.36,0,0,0
ACC97,Company_97,Tech,West,30426,19,0.86,0.32,0,0,1
ACC98,Company_98,Tech,South,18778,17,0.83,0.38,0,0,1
ACC99,Company_99,Retail,South,46241,10,0.94,0.45,1,0,1
ACC100,Company_100,Construction,West,43229,74,0.29,-0.39,1,0,0
ACC101,Company_101,Retail,East,22116,81,0.24,-0.46,1,0,0
ACC102,Company_102,Construction,North,49364,85,0.21,-0.42,0,0,0
ACC103,Company_103,Tech,West,34297,70,0.33,-0.35,0,0,0
ACC104,Company_104,Retail,North,20342,86,0.16,-0.48,0,1,0
ACC105,Company_105,Medical,East,28490,15,0.87,0.36,1,0,1
ACC106,Company_106,Textile,North,20975,78,0.28,-0.41,0,0,0
ACC107,Company_107,Construction,West,27723,23,0.82,0.29,0,0,1
ACC108,Company_108,Textile,North,24279,12,0.91,0.44,1,0,1
ACC109,Company_109,Textile,South,13765,20,0.78,0.31,0,0,1
ACC110,Company_110,Retail,East,47678,72,0.35,-0.37,1,0,0
ACC111,Company_111,Textile,East,12561,18,0.84,0.42,0,0,1
ACC112,Company_112,Medical,East,42899,14,0.89,0.48,0,0,1
ACC113,Company_113,Textile,West,1525,83,0.19,-0.45,1,0,0
ACC114,Company_114,Retail,East,23861,75,0.25,-0.43,1,0,0
ACC115,Company_115,Medical,South,34142,8,0.93,0.35,1,0,1
ACC116,Company_116,Tech,West,27916,77,0.31,-0.38,1,0,0
ACC117,Company_117,Textile,South,45965,84,0.22,-0.49,1,0,0
ACC118,Company_118,Retail,North,5648,69,0.27,-0.36,1,0,0
ACC119,Company_119,Tech,North,36133,80,0.23,-0.44,0,0,0
ACC120,Company_120,Tech,North,31523,88,0.17,-0.47,0,1,0
ACC121,Company_121,Construction,North,30052,4,0.96,0.46,1,0,1
ACC122,Company_122,Medical,South,35414,7,0.88,0.41,0,0,1
ACC123,Company_123,Textile,West,33781,16,0.85,0.33,1,0,1
ACC124,Company_124,Retail,West,5599,22,0.79,0.28,0,0,1
ACC125,Company_125,Construction,East,36046,24,0.81,0.37,1,0,1
ACC126,Company_126,Medical,South,48064,76,0.32,-0.42,0,0,0
ACC127,Company_127,Construction,North,36923,71,0.26,-0.39,0,0,0
ACC128,Company_128,Medical,South,42089,19,0.76,0.34,0,1,1
ACC129,Company_129,Medical,East,4814,21,0.83,0.29,0,0,1
ACC130,Company_130,Textile,East,46893,25,0.92,0.43,0,0,1
ACC131,Company_131,Medical,South,36984,79,0.28,-0.45,1,0,0
ACC132,Company_132,Construction,South,27616,87,0.21,-0.48,1,0,0
ACC133,Company_133,Medical,South,3113,73,0.34,-0.35,1,0,0
ACC134,Company_134,Textile,West,44006,13,0.87,0.38,0,0,1
ACC135,Company_135,Textile,North,14760,82,0.24,-0.41,1,0,0
ACC136,Company_136,Construction,South,22927,11,0.94,0.47,0,1,1
ACC137,Company_137,Tech,South,21939,68,0.29,-0.36,0,0,0
ACC138,Company_138,Tech,South,33419,74,0.33,-0.43,0,0,0
ACC139,Company_139,Medical,East,13588,81,0.19,-0.46,1,1,0
ACC140,Company_140,Retail,East,37142,78,0.25,-0.38,0,0,0
ACC141,Company_141,Medical,West,40198,70,0.31,-0.44,1,0,0
ACC142,Company_142,Construction,North,45738,75,0.22,-0.49,1,1,0
ACC143,Company_143,Construction,West,34397,6,0.95,0.42,0,0,1
ACC144,Company_144,Construction,North,17653,9,0.91,0.31,0,1,1
ACC145,Company_145,Construction,East,11831,67,0.27,-0.35,1,0,0
ACC146,Company_146,Construction,East,6724,17,0.86,0.45,1,0,1
ACC147,Company_147,Textile,East,12083,23,0.82,0.36,1,0,1
ACC148,Company_148,Tech,West,46917,26,0.78,0.29,1,0,1
ACC149,Company_149,Construction,South,20816,72,0.35,-0.41,1,0,0
ACC150,Company_150,Retail,South,43240,20,0.84,0.33,1,0,1
ACC151,Company_151,Retail,East,7276,18,0.89,0.48,0,1,1
ACC152,Company_152,Retail,South,49403,85,0.21,-0.47,1,0,0
ACC153,Company_153,Retail,South,39663,77,0.26,-0.42,1,0,0
ACC154,Company_154,Textile,West,14994,14,0.93,0.39,1,0,1
ACC155,Company_155,Retail,North,24499,83,0.18,-0.45,1,0,0
ACC156,Company_156,Construction,East,24040,15,0.87,0.35,0,0,1
ACC157,Company_157,Medical,East,44320,69,0.32,-0.36,0,0,0
ACC158,Company_158,Retail,West,17959,12,0.96,0.44,1,0,1
ACC159,Company_159,Textile,West,7099,80,0.24,-0.48,1,0,0
ACC160,Company_160,Textile,South,43267,76,0.29,-0.39,1,0,0
ACC161,Company_161,Retail,East,20576,71,0.33,-0.43,0,0,0
ACC162,Company_162,Medical,North,36946,5,0.88,0.41,0,0,1
ACC163,Company_163,Retail,West,7116,21,0.81,0.32,0,0,1
ACC164,Company_164,Textile,North,16563,16,0.85,0.46,0,0,1
ACC165,Company_165,Tech,North,27788,74,0.25,-0.35,0,0,0
ACC166,Company_166,Construction,East,27928,8,0.94,0.38,0,0,1
ACC167,Company_167,Textile,East,37336,79,0.21,-0.44,1,0,0
ACC168,Company_168,Retail,West,10847,19,0.79,0.29,0,0,1
ACC169,Company_169,Construction,East,27155,73,0.31,-0.46,0,0,0
ACC170,Company_170,Retail,East,15135,86,0.17,-0.48,1,0,0
ACC171,Company_171,Retail,East,18774,82,0.22,-0.41,0,1,0
ACC172,Company_172,Tech,North,2742,22,0.83,0.35,1,0,1
ACC173,Company_173,Construction,West,19309,68,0.27,-0.37,0,0,0
ACC174,Company_174,Construction,South,1619,84,0.19,-0.49,1,0,0
ACC175,Company_175,Tech,North,18658,78,0.34,-0.42,1,1,0
ACC176,Company_176,Textile,East,35707,10,0.92,0.43,1,0,1
ACC177,Company_177,Retail,North,21337,7,0.97,0.47,1,0,1
ACC178,Company_178,Medical,East,17001,24,0.76,0.31,1,0,1
ACC179,Company_179,Retail,East,1968,6,0.91,0.39,0,0,1
ACC180,Company_180,Retail,North,48614,70,0.28,-0.35,0,0,0
ACC181,Company_181,Textile,West,26892,75,0.32,-0.43,1,0,0
ACC182,Company_182,Retail,East,26619,13,0.89,0.45,1,0,1
ACC183,Company_183,Tech,West,1281,25,0.82,0.33,1,1,1
ACC184,Company_184,Tech,South,28420,81,0.24,-0.46,0,0,0
ACC185,Company_185,Construction,East,16360,77,0.26,-0.38,1,0,0
ACC186,Company_186,Medical,West,40030,9,0.95,0.48,1,0,1
ACC187,Company_187,Retail,West,2058,72,0.33,-0.41,1,0,0
ACC188,Company_188,Retail,South,21677,11,0.87,0.36,1,0,1
ACC189,Company_189,Textile,West,11724,17,0.93,0.42,0,0,1
ACC190,Company_190,Tech,West,29404,85,0.18,-0.47,1,0,0
ACC191,Company_191,Medical,South,38946,69,0.29,-0.35,1,0,0
ACC192,Company_192,Construction,East,40748,83,0.21,-0.49,0,0,0
ACC193,Company_193,Tech,West,30856,23,0.78,0.29,1,0,1
ACC194,Company_194,Construction,West,10200,18,0.84,0.37,1,0,1
ACC195,Company_195,Textile,West,34997,12,0.91,0.44,0,0,1
ACC196,Company_196,Textile,North,26611,4,0.88,0.31,0,0,1
ACC197,Company_197,Retail,South,42235,8,0.86,0.38,0,0,1
ACC198,Company_198,Medical,North,36057,80,0.25,-0.42,1,0,0
ACC199,Company_199,Construction,South,2239,74,0.31,-0.36,1,0,0
ACC200,Company_200,Tech,East,39138,71,0.34,-0.44,0,0,0
ACC201,Company_201,Textile,East,49938,76,0.22,-0.39,0,0,0
ACC202,Company_202,Retail,West,1125,15,0.96,0.46,0,0,1
ACC203,Company_203,Retail,South,46272,79,0.27,-0.48,1,0,0
ACC204,Company_204,Construction,East,24857,6,0.94,0.43,1,0,1
ACC205,Company_205,Textile,South,16398,67,0.33,-0.35,0,0,0
ACC206,Company_206,Medical,East,7638,73,0.28,-0.41,1,0,0
ACC207,Company_207,Textile,North,7570,78,0.24,-0.45,0,0,0
ACC208,Company_208,Construction,East,4249,9,0.89,0.35,1,0,1
ACC209,Company_209,Construction,North,10110,84,0.19,-0.47,1,0,0
ACC210,Company_210,Textile,East,41363,70,0.32,-0.36,1,0,0
ACC211,Company_211,Construction,West,14605,14,0.93,0.48,1,0,1
ACC212,Company_212,Textile,North,13115,82,0.21,-0.43,0,0,0
ACC213,Company_213,Tech,East,40062,69,0.26,-0.38,1,0,0
ACC214,Company_214,Textile,West,23911,11,0.87,0.41,1,0,1
ACC215,Company_215,Textile,North,39525,77,0.29,-0.49,0,0,0
ACC216,Company_216,Construction,West,33556,7,0.95,0.33,1,0,1
ACC217,Company_217,Construction,South,13595,5,0.91,0.39,0,0,1
ACC218,Company_218,Retail,South,2969,85,0.17,-0.44,0,0,0
ACC219,Company_219,Retail,North,44753,72,0.34,-0.35,1,0,0
ACC220,Company_220,Tech,East,18275,81,0.22,-0.46,1,0,0
ACC221,Company_221,Retail,North,5470,13,0.82,0.29,0,0,1
ACC222,Company_222,Textile,West,11225,75,0.28,-0.41,0,0,0
ACC223,Company_223,Construction,East,43324,8,0.88,0.45,0,0,1
ACC224,Company_224,Retail,South,42974,16,0.85,0.36,1,1,1
ACC225,Company_225,Retail,East,43759,79,0.24,-0.48,0,0,0
ACC226,Company_226,Tech,South,24196,19,0.79,0.32,0,0,1
ACC227,Company_227,Tech,East,41287,83,0.31,-0.42,0,0,0
ACC228,Company_228,Textile,East,14669,74,0.26,-0.35,1,0,0
ACC229,Company_229,Construction,East,38380,6,0.97,0.47,0,0,1
ACC230,Company_230,Tech,West,46141,78,0.33,-0.39,1,0,0
ACC231,Company_231,Retail,West,49320,71,0.29,-0.44,1,0,0
ACC232,Company_232,Construction,North,48414,12,0.92,0.38,0,0,1
ACC233,Company_233,Construction,North,39006,17,0.86,0.31,1,0,1
ACC234,Company_234,Retail,South,16577,80,0.21,-0.46,0,0,0
ACC235,Company_235,Tech,West,23473,68,0.35,-0.35,1,0,0
ACC236,Company_236,Retail,South,29625,76,0.25,-0.48,1,0,0
ACC237,Company_237,Construction,North,16504,73,0.32,-0.41,0,0,0
ACC238,Company_238,Medical,South,25089,21,0.78,0.35,0,0,1
ACC239,Company_239,Medical,North,37487,70,0.27,-0.36,0,0,0
ACC240,Company_240,Textile,West,1302,24,0.83,0.43,1,0,1
ACC241,Company_241,Retail,East,32463,15,0.94,0.39,1,0,1
ACC242,Company_242,Retail,West,45912,18,0.89,0.46,0,0,1
ACC243,Company_243,Textile,South,30259,10,0.91,0.33,0,0,1
ACC244,Company_244,Textile,South,43823,82,0.22,-0.45,1,0,0
ACC245,Company_245,Textile,West,38208,77,0.28,-0.38,1,0,0
ACC246,Company_246,Construction,West,31659,84,0.19,-0.49,1,0,0
ACC247,Company_247,Retail,North,36840,86,0.24,-0.42,0,0,0
ACC248,Company_248,Construction,South,32890,23,0.81,0.29,1,0,1
ACC249,Company_249,Textile,South,14598,25,0.76,0.37,0,1,1
ACC250,Company_250,Retail,West,48055,4,0.96,0.48,1,0,1
ACC251,Company_251,Construction,East,47733,79,0.31,-0.35,1,0,0
ACC252,Company_252,Construction,South,20508,75,0.26,-0.43,0,0,0
ACC253,Company_253,Textile,East,43287,88,0.17,-0.47,0,0,0
ACC254,Company_254,Retail,West,14380,71,0.33,-0.36,0,0,0
ACC255,Company_255,Textile,West,27984,14,0.87,0.41,1,0,1
ACC256,Company_256,Retail,North,45633,22,0.93,0.44,1,0,1
ACC257,Company_257,Medical,South,9125,81,0.21,-0.45,1,0,0
ACC258,Company_258,Tech,East,37059,74,0.29,-0.38,0,0,0
ACC259,Company_259,Tech,North,5033,85,0.24,-0.49,1,0,0
ACC260,Company_260,Tech,South,38873,72,0.34,-0.41,0,0,0
ACC261,Company_261,Textile,North,18087,78,0.25,-0.35,0,0,0
ACC262,Company_262,Medical,West,41901,69,0.32,-0.44,0,0,0
ACC263,Company_263,Retail,South,6704,16,0.88,0.36,1,0,1
ACC264,Company_264,Construction,North,8848,80,0.27,-0.46,1,0,0
ACC265,Company_265,Retail,North,22592,83,0.22,-0.39,0,1,0
ACC266,Company_266,Construction,East,46743,19,0.85,0.32,1,0,1
ACC267,Company_267,Retail,North,7924,21,0.79,0.45,0,0,1
ACC268,Company_268,Medical,South,28208,76,0.31,-0.48,0,0,0
ACC269,Company_269,Construction,South,20614,77,0.26,-0.35,1,0,0
ACC270,Company_270,Textile,East,1488,73,0.33,-0.41,0,0,0
ACC271,Company_271,Retail,South,40882,13,0.92,0.38,0,0,1
ACC272,Company_272,Retail,West,26923,9,0.95,0.47,1,1,1
ACC273,Company_273,Construction,South,49508,11,0.89,0.33,0,0,1
ACC274,Company_274,Textile,South,36941,84,0.19,-0.45,0,0,0
ACC275,Company_275,Textile,North,30165,8,0.91,0.41,0,0,1
ACC276,Company_276,Medical,North,2667,68,0.35,-0.36,0,0,0
ACC277,Company_277,Textile,South,27213,75,0.28,-0.43,0,0,0
ACC278,Company_278,Textile,East,5114,82,0.24,-0.48,0,0,0
ACC279,Company_279,Textile,North,37321,87,0.21,-0.39,0,0,0
ACC280,Company_280,Tech,East,8761,71,0.32,-0.35,1,0,0
ACC281,Company_281,Medical,South,32116,17,0.86,0.29,1,0,1
ACC282,Company_282,Retail,South,34768,23,0.78,0.36,0,0,1
ACC283,Company_283,Construction,West,49406,79,0.26,-0.44,0,0,0
ACC284,Company_284,Retail,North,26426,74,0.33,-0.46,1,0,0
ACC285,Company_285,Medical,South,18772,80,0.27,-0.35,1,0,0
ACC286,Company_286,Construction,West,39218,76,0.29,-0.41,1,0,0
ACC287,Company_287,Medical,North,4712,83,0.22,-0.48,1,0,0
ACC288,Company_288,Textile,South,2367,25,0.81,0.43,1,0,1
ACC289,Company_289,Construction,South,41957,70,0.34,-0.36,0,0,0
ACC290,Company_290,Textile,North,42781,69,0.31,-0.39,1,0,0
ACC291,Company_291,Retail,North,27200,85,0.19,-0.45,1,0,0
ACC292,Company_292,Retail,North,4726,86,0.24,-0.35,1,0,0
ACC293,Company_293,Construction,South,24616,15,0.93,0.38,0,0,1
ACC294,Company_294,Construction,South,28723,18,0.87,0.47,0,0,1
ACC295,Company_295,Medical,West,38574,7,0.95,0.33,0,0,1
ACC296,Company_296,Medical,East,35958,78,0.25,-0.44,0,0,0
ACC297,Company_297,Textile,North,10108,73,0.32,-0.35,0,0,0
ACC298,Company_298,Construction,South,13178,14,0.88,0.41,0,0,1
ACC299,Company_299,Retail,South,36643,77,0.28,-0.48,1,0,0
ACC300,Company_300,Medical,North,32324,12,0.91,0.36,0,0,1
ACC301,Company_301,Medical,East,39360,81,0.21,-0.39,0,0,0
ACC302,Company_302,Retail,North,18824,72,0.33,-0.45,1,0,0
ACC303,Company_303,Medical,East,46360,79,0.26,-0.35,0,0,0
ACC304,Company_304,Textile,South,9927,19,0.94,0.43,1,1,1
ACC305,Company_305,Construction,East,29144,74,0.29,-0.41,1,0,0
ACC306,Company_306,Retail,West,32010,68,0.34,-0.46,0,0,0
ACC307,Company_307,Construction,South,23443,84,0.22,-0.36,1,0,0
ACC308,Company_308,Medical,West,15437,75,0.31,-0.48,1,0,0
ACC309,Company_309,Medical,North,45298,80,0.27,-0.35,1,0,0
ACC310,Company_310,Retail,North,40778,9,0.96,0.39,1,0,1
ACC311,Company_311,Textile,North,12207,83,0.19,-0.44,0,0,0
ACC312,Company_312,Tech,East,26537,86,0.24,-0.38,1,0,0
ACC313,Company_313,Retail,South,36757,87,0.21,-0.49,0,1,0
ACC314,Company_314,Tech,North,13040,71,0.35,-0.35,1,1,0
ACC315,Company_315,Tech,North,42986,76,0.28,-0.42,1,0,0
ACC316,Company_316,Textile,South,23612,82,0.25,-0.45,1,0,0
ACC317,Company_317,Tech,North,29441,78,0.32,-0.36,0,0,0
ACC318,Company_318,Tech,West,7471,73,0.26,-0.43,0,0,0
ACC319,Company_319,Textile,South,36631,11,0.89,0.47,0,0,1
ACC320,Company_320,Tech,South,44461,85,0.22,-0.35,1,0,0
ACC321,Company_321,Tech,South,27523,79,0.33,-0.41,1,0,0
ACC322,Company_322,Tech,West,32348,74,0.29,-0.38,1,0,0
ACC323,Company_323,Retail,South,2177,6,0.97,0.33,1,0,1
ACC324,Company_324,Retail,West,5760,16,0.85,0.45,0,0,1
ACC325,Company_325,Retail,South,33779,22,0.82,0.29,1,0,1
ACC326,Company_326,Textile,East,22636,24,0.78,0.36,0,0,1
ACC327,Company_327,Medical,North,17353,13,0.92,0.42,1,0,1
ACC328,Company_328,Tech,East,12556,18,0.87,0.38,0,0,1
ACC329,Company_329,Tech,North,28598,88,0.17,-0.49,0,0,0
ACC330,Company_330,Textile,West,12563,70,0.34,-0.44,1,0,0
ACC331,Company_331,Tech,East,47819,77,0.26,-0.35,1,0,0
ACC332,Company_332,Retail,South,44790,84,0.21,-0.46,0,0,0
ACC333,Company_333,Medical,North,9234,15,0.93,0.31,1,0,1
ACC334,Company_334,Construction,North,26519,10,0.95,0.47,1,0,1
ACC335,Company_335,Tech,East,27966,21,0.81,0.35,0,1,1
ACC336,Company_336,Retail,West,17173,80,0.28,-0.41,0,0,0
ACC337,Company_337,Construction,East,27987,5,0.91,0.43,0,0,1
ACC338,Company_338,Medical,West,14178,76,0.32,-0.38,0,0,0
ACC339,Company_339,Construction,West,40338,72,0.25,-0.45,1,0,0
ACC340,Company_340,Retail,North,25596,83,0.22,-0.35,0,0,0
ACC341,Company_341,Construction,East,34174,75,0.33,-0.48,0,0,0
ACC342,Company_342,Textile,East,42974,86,0.19,-0.36,0,0,0
ACC343,Company_343,Construction,West,5431,17,0.86,0.39,1,0,1
ACC344,Company_344,Tech,East,28764,81,0.27,-0.44,0,0,0
ACC345,Company_345,Tech,South,22627,23,0.78,0.32,1,0,1
ACC346,Company_346,Textile,South,40310,79,0.31,-0.35,0,0,0
ACC347,Company_347,Retail,East,9906,74,0.34,-0.41,0,0,0
ACC348,Company_348,Tech,East,37914,69,0.26,-0.46,1,0,0
ACC349,Company_349,Medical,West,45814,82,0.24,-0.38,0,0,0
ACC350,Company_350,Tech,South,46379,71,0.29,-0.49,0,0,0
ACC351,Company_351,Tech,South,14076,78,0.33,-0.35,1,0,0
ACC352,Company_352,Retail,North,38650,14,0.92,0.45,0,0,1
ACC353,Company_353,Construction,West,47881,19,0.87,0.33,0,0,1
ACC354,Company_354,Tech,North,47413,85,0.21,-0.43,0,0,0
ACC355,Company_355,Textile,South,7012,77,0.28,-0.35,0,0,0
ACC356,Company_356,Construction,West,8151,84,0.25,-0.47,1,0,0
ACC357,Company_357,Medical,East,29211,73,0.32,-0.36,0,0,0
ACC358,Company_358,Retail,West,28117,8,0.95,0.48,1,0,1
ACC359,Company_359,Medical,East,37378,80,0.26,-0.41,0,0,0
ACC360,Company_360,Construction,East,43652,76,0.33,-0.44,1,0,0
ACC361,Company_361,Construction,West,7894,79,0.29,-0.35,0,0,0
ACC362,Company_362,Construction,East,14467,25,0.81,0.39,1,0,1
ACC363,Company_363,Medical,North,32010,70,0.34,-0.46,0,1,0
ACC364,Company_364,Construction,South,43641,82,0.22,-0.38,1,0,0
ACC365,Company_365,Medical,East,13289,75,0.27,-0.49,1,0,0
ACC366,Company_366,Construction,North,45976,83,0.24,-0.35,0,0,0
ACC367,Company_367,Textile,East,44596,86,0.19,-0.43,1,0,0
ACC368,Company_368,Construction,South,24171,78,0.31,-0.35,0,0,0
ACC369,Company_369,Medical,North,35905,16,0.88,0.41,0,0,1
ACC370,Company_370,Tech,South,21829,74,0.35,-0.45,0,0,0
ACC371,Company_371,Construction,South,35054,7,0.94,0.36,0,1,1
ACC372,Company_372,Tech,North,49478,4,0.96,0.47,0,0,1
ACC373,Company_373,Textile,North,45139,22,0.82,0.33,1,0,1
ACC374,Company_374,Retail,North,49713,71,0.28,-0.35,0,0,0
ACC375,Company_375,Textile,West,30734,80,0.25,-0.41,0,0,0
ACC376,Company_376,Construction,North,8052,12,0.91,0.38,0,0,1
ACC377,Company_377,Tech,North,4654,77,0.32,-0.44,0,0,0
ACC378,Company_378,Tech,North,24486,79,0.26,-0.35,0,0,0
ACC379,Company_379,Medical,North,19743,73,0.33,-0.46,0,0,0
ACC380,Company_380,Tech,East,49368,69,0.29,-0.38,1,0,0
ACC381,Company_381,Medical,West,25489,76,0.34,-0.49,1,0,0
ACC382,Company_382,Retail,South,9636,70,0.27,-0.35,0,0,0
ACC383,Company_383,Construction,North,7441,84,0.22,-0.43,1,0,0
ACC384,Company_384,Medical,East,25611,81,0.24,-0.35,0,1,0
ACC385,Company_385,Retail,East,43435,85,0.21,-0.41,0,0,0
ACC386,Company_386,Tech,East,13149,75,0.31,-0.45,0,0,0
ACC387,Company_387,Tech,South,35566,82,0.28,-0.36,0,0,0
ACC388,Company_388,Retail,North,43368,78,0.25,-0.48,0,1,0
ACC389,Company_389,Tech,West,22675,9,0.93,0.42,1,0,1
ACC390,Company_390,Retail,West,6495,83,0.19,-0.35,1,0,0
ACC391,Company_391,Medical,East,43668,18,0.87,0.39,1,0,1
ACC392,Company_392,Medical,South,14673,14,0.92,0.45,1,0,1
ACC393,Company_393,Retail,South,12130,23,0.78,0.31,0,0,1
ACC394,Company_394,Medical,South,23668,79,0.33,-0.44,1,0,0
ACC395,Company_395,Medical,West,16222,11,0.89,0.36,0,0,1
ACC396,Company_396,Medical,East,24669,86,0.26,-0.35,1,1,0
ACC397,Company_397,Textile,North,35068,74,0.34,-0.41,1,0,0
ACC398,Company_398,Construction,West,24253,87,0.22,-0.46,1,0,0
ACC399,Company_399,Tech,East,10435,21,0.81,0.47,1,0,1
ACC400,Company_400,Textile,East,29552,80,0.27,-0.35,0,0,0
ACC401,Company_401,Medical,North,38384,71,0.32,-0.43,1,0,0
ACC402,Company_402,Retail,North,17393,16,0.86,0.33,1,0,1
ACC403,Company_403,Medical,North,11617,24,0.78,0.38,0,0,1
ACC404,Company_404,Construction,South,39520,19,0.85,0.29,0,0,1
ACC405,Company_405,Medical,North,10852,77,0.29,-0.35,1,0,0
ACC406,Company_406,Retail,East,32401,84,0.24,-0.48,0,0,0
ACC407,Company_407,Construction,North,7295,82,0.31,-0.36,0,0,0
ACC408,Company_408,Medical,East,36993,85,0.25,-0.44,0,0,0
ACC409,Company_409,Construction,West,35084,76,0.33,-0.35,1,0,0
ACC410,Company_410,Tech,South,46105,79,0.28,-0.41,0,0,0
ACC411,Company_411,Tech,West,40575,8,0.95,0.45,1,0,1
ACC412,Company_412,Medical,West,37451,73,0.26,-0.46,1,0,0
ACC413,Company_413,Construction,East,8227,13,0.92,0.39,1,0,1
ACC414,Company_414,Retail,West,32910,17,0.87,0.33,1,0,1
ACC415,Company_415,Medical,East,37041,70,0.34,-0.35,0,0,0
ACC416,Company_416,Tech,North,24384,15,0.88,0.47,1,0,1
ACC417,Company_417,Tech,North,1145,81,0.22,-0.43,0,0,0
ACC418,Company_418,Medical,East,38778,78,0.27,-0.35,1,0,0
ACC419,Company_419,Construction,North,17035,10,0.94,0.41,0,1,1
ACC420,Company_420,Tech,South,4040,75,0.32,-0.44,1,0,0
ACC421,Company_421,Construction,West,43422,12,0.91,0.36,0,0,1
ACC422,Company_422,Tech,South,27160,74,0.29,-0.35,1,1,0
ACC423,Company_423,Tech,West,18633,22,0.79,0.29,1,0,1
ACC424,Company_424,Textile,North,30344,83,0.24,-0.46,0,1,0
ACC425,Company_425,Tech,South,18014,77,0.33,-0.38,1,1,0
ACC426,Company_426,Retail,North,15996,72,0.26,-0.49,1,0,0
ACC427,Company_427,Medical,West,42621,14,0.93,0.43,1,0,1
ACC428,Company_428,Medical,East,12695,25,0.76,0.31,0,0,1
ACC429,Company_429,Construction,East,3852,18,0.86,0.38,1,0,1
ACC430,Company_430,Tech,South,17014,80,0.28,-0.35,1,0,0
ACC431,Company_431,Retail,North,28042,23,0.82,0.45,0,0,1
ACC432,Company_432,Construction,North,34755,85,0.21,-0.43,0,0,0
ACC433,Company_433,Textile,South,41390,86,0.24,-0.35,0,0,0
ACC434,Company_434,Construction,East,24711,11,0.89,0.47,0,0,1
ACC435,Company_435,Construction,West,27122,16,0.87,0.33,0,0,1
ACC436,Company_436,Tech,South,10160,6,0.96,0.39,1,0,1
ACC437,Company_437,Textile,West,28213,79,0.31,-0.44,1,0,0
ACC438,Company_438,Construction,East,40420,21,0.78,0.36,1,1,1
ACC439,Company_439,Retail,North,8421,76,0.34,-0.35,0,1,0
ACC440,Company_440,Retail,East,22400,71,0.25,-0.41,1,0,0
ACC441,Company_441,Medical,South,34537,84,0.22,-0.46,0,0,0
ACC442,Company_442,Textile,North,18727,73,0.32,-0.35,0,0,0
ACC443,Company_443,Textile,South,47882,87,0.19,-0.48,1,0,0
ACC444,Company_444,Medical,South,5358,9,0.94,0.42,0,0,1
ACC445,Company_445,Construction,East,29482,82,0.27,-0.35,0,0,0
ACC446,Company_446,Textile,South,33117,8,0.91,0.31,1,1,1
ACC447,Company_447,Retail,East,24164,5,0.97,0.45,0,0,1
ACC448,Company_448,Retail,North,32910,88,0.17,-0.43,0,0,0
ACC449,Company_449,Tech,East,33496,15,0.88,0.38,1,0,1
ACC450,Company_450,Textile,North,45311,7,0.95,0.47,0,0,1
ACC451,Company_451,Construction,East,30371,85,0.24,-0.35,0,0,0
ACC452,Company_452,Medical,West,39467,19,0.86,0.33,1,0,1
ACC453,Company_453,Medical,West,18625,22,0.79,0.41,1,0,1
ACC454,Company_454,Construction,South,34893,17,0.85,0.29,1,0,1
ACC455,Company_455,Tech,East,11793,74,0.33,-0.44,1,0,0
ACC456,Company_456,Medical,East,32007,13,0.92,0.36,0,0,1
ACC457,Company_457,Textile,North,26766,18,0.87,0.43,0,0,1
ACC458,Company_458,Tech,South,40532,83,0.21,-0.35,1,0,0
ACC459,Company_459,Textile,East,13323,80,0.28,-0.46,0,0,0
ACC460,Company_460,Retail,South,46799,14,0.93,0.39,0,0,1
ACC461,Company_461,Tech,West,47820,77,0.26,-0.35,1,0,0
ACC462,Company_462,Medical,East,46408,24,0.76,0.47,1,0,1
ACC463,Company_463,Tech,East,8843,79,0.32,-0.41,0,0,0
ACC464,Company_464,Tech,South,15210,82,0.25,-0.35,1,0,0
ACC465,Company_465,Tech,East,17456,78,0.34,-0.43,1,0,0
ACC466,Company_466,Tech,South,32367,71,0.27,-0.35,1,1,0
ACC467,Company_467,Textile,East,11106,16,0.86,0.31,0,0,1
ACC468,Company_468,Retail,North,38957,10,0.95,0.45,1,0,1
ACC469,Company_469,Construction,South,3472,86,0.22,-0.44,0,0,0
ACC470,Company_470,Tech,East,7704,75,0.31,-0.35,0,0,0
ACC471,Company_471,Medical,West,4713,84,0.24,-0.46,0,0,0
ACC472,Company_472,Tech,East,6051,21,0.78,0.38,1,1,1
ACC473,Company_473,Medical,West,11756,19,0.85,0.42,1,0,1
ACC474,Company_474,Textile,West,3475,81,0.33,-0.35,1,0,0
ACC475,Company_475,Medical,North,37378,76,0.29,-0.43,1,1,0
ACC476,Company_476,Construction,South,5255,6,0.94,0.33,1,1,1
ACC477,Company_477,Retail,East,15484,23,0.81,0.47,0,0,1
ACC478,Company_478,Medical,North,35503,73,0.34,-0.35,0,0,0
ACC479,Company_479,Medical,East,9258,80,0.26,-0.41,0,0,0
ACC480,Company_480,Retail,West,41747,77,0.28,-0.44,1,0,0
ACC481,Company_481,Construction,South,36196,11,0.91,0.39,0,0,1
ACC482,Company_482,Tech,East,46113,87,0.19,-0.35,0,0,0
ACC483,Company_483,Medical,East,41194,12,0.89,0.36,1,0,1
ACC484,Company_484,Retail,West,9533,79,0.32,-0.46,1,0,0
ACC485,Company_485,Textile,East,33581,82,0.25,-0.35,0,0,0
ACC486,Company_486,Retail,East,6249,74,0.33,-0.43,0,0,0
ACC487,Company_487,Textile,West,20201,17,0.87,0.31,1,0,1
ACC488,Company_488,Construction,North,10686,15,0.92,0.45,1,0,1
ACC489,Company_489,Tech,West,47877,14,0.88,0.38,1,0,1
ACC490,Company_490,Retail,North,33007,9,0.95,0.42,1,0,1
ACC491,Company_491,Medical,South,1661,83,0.22,-0.35,0,0,0
ACC492,Company_492,Construction,North,45843,8,0.93,0.33,0,0,1
ACC493,Company_493,Retail,North,31137,71,0.27,-0.44,1,0,0
ACC494,Company_494,Medical,South,48556,10,0.91,0.47,0,0,1
ACC495,Company_495,Retail,North,43828,22,0.79,0.29,0,0,1
ACC496,Company_496,Textile,West,49604,78,0.31,-0.35,1,0,0
ACC497,Company_497,Retail,North,11526,76,0.34,-0.41,0,0,0
ACC498,Company_498,Retail,South,4374,5,0.96,0.36,0,0,1
ACC499,Company_499,Retail,West,26592,80,0.26,-0.46,0,0,0
ACC500,Company_500,Construction,South,29982,75,0.28,-0.35,1,0,0
ACC501,Company_501,Retail,South,1207,24,0.76,0.43,1,1,1
ACC502,Company_502,Medical,East,36433,18,0.86,0.38,0,0,1
ACC503,Company_503,Textile,East,24197,84,0.24,-0.35,1,0,0
ACC504,Company_504,Textile,South,34400,81,0.32,-0.43,1,0,0
ACC505,Company_505,Retail,South,4083,73,0.25,-0.44,1,0,0
ACC506,Company_506,Construction,South,30328,16,0.88,0.31,0,1,1
ACC507,Company_507,Construction,East,47479,13,0.92,0.47,0,0,1
ACC508,Company_508,Medical,East,43891,77,0.33,-0.35,1,0,0
ACC509,Company_509,Retail,North,21103,86,0.21,-0.41,0,0,0
ACC510,Company_510,Textile,North,40891,82,0.27,-0.35,0,0,0
ACC511,Company_511,Construction,South,11754,7,0.94,0.39,0,0,1
ACC512,Company_512,Retail,West,35447,11,0.89,0.45,0,0,1
ACC513,Company_513,Construction,West,16901,14,0.93,0.33,0,0,1
ACC514,Company_514,Construction,East,34004,85,0.24,-0.46,1,0,0
ACC515,Company_515,Textile,East,8446,74,0.31,-0.35,0,1,0
ACC516,Company_516,Tech,East,38211,19,0.85,0.38,0,1,1
ACC517,Company_517,Medical,South,49231,87,0.19,-0.43,0,0,0
ACC518,Company_518,Medical,West,30301,79,0.34,-0.35,1,0,0
ACC519,Company_519,Textile,North,27116,17,0.87,0.42,1,0,1
ACC520,Company_520,Construction,South,42323,83,0.26,-0.44,1,0,0
ACC521,Company_521,Retail,North,19752,80,0.28,-0.35,0,0,0
ACC522,Company_522,Construction,North,33376,10,0.91,0.31,1,0,1
ACC523,Company_523,Textile,South,17669,22,0.78,0.47,1,0,1
ACC524,Company_524,Medical,North,33916,76,0.32,-0.35,1,0,0
ACC525,Company_525,Construction,West,14395,15,0.86,0.36,1,0,1
ACC526,Company_526,Medical,North,21421,18,0.82,0.29,0,1,1
ACC527,Company_527,Retail,West,27342,84,0.25,-0.41,1,1,0
ACC528,Company_528,Medical,West,5895,72,0.33,-0.35,1,0,0
ACC529,Company_529,Medical,West,12023,12,0.89,0.43,0,0,1
ACC530,Company_530,Tech,East,11699,21,0.76,0.38,0,1,1
ACC531,Company_531,Tech,North,10715,85,0.27,-0.45,1,1,0
ACC532,Company_532,Tech,South,20169,81,0.31,-0.35,0,0,0
ACC533,Company_533,Medical,South,17163,9,0.94,0.33,1,0,1
ACC534,Company_534,Textile,North,6782,16,0.87,0.47,0,0,1
ACC535,Company_535,Medical,East,23641,75,0.34,-0.44,0,0,0
ACC536,Company_536,Textile,East,19792,71,0.26,-0.35,1,0,0
ACC537,Company_537,Textile,West,36585,78,0.28,-0.41,0,0,0
ACC538,Company_538,Tech,North,31682,14,0.92,0.39,1,1,1
ACC539,Company_539,Construction,North,48864,83,0.24,-0.35,0,0,0
ACC540,Company_540,Retail,South,19880,23,0.79,0.45,1,0,1
ACC541,Company_541,Tech,North,39067,17,0.85,0.31,0,0,1
ACC542,Company_542,Tech,East,43685,80,0.32,-0.43,0,0,0
ACC543,Company_543,Construction,North,19073,77,0.25,-0.35,0,0,0
ACC544,Company_544,Retail,South,37035,74,0.33,-0.46,0,0,0
ACC545,Company_545,Medical,West,38174,69,0.29,-0.35,0,0,0
ACC546,Company_546,Medical,South,25837,24,0.76,0.38,1,0,1
ACC547,Company_547,Tech,South,18826,79,0.34,-0.44,0,0,0
ACC548,Company_548,Retail,West,25981,82,0.26,-0.35,1,0,0
ACC549,Company_549,Tech,South,11382,76,0.31,-0.41,1,0,0
ACC550,Company_550,Textile,South,5437,13,0.88,0.42,1,0,1
ACC551,Company_551,Tech,North,6435,6,0.95,0.33,0,0,1
ACC552,Company_552,Tech,North,25819,85,0.22,-0.35,1,0,0
ACC553,Company_553,Medical,West,37875,19,0.86,0.47,0,0,1
ACC554,Company_554,Medical,North,32982,15,0.91,0.29,1,0,1
ACC555,Company_555,Medical,North,34328,72,0.27,-0.43,1,0,0
ACC556,Company_556,Textile,South,13329,11,0.93,0.36,1,0,1
ACC557,Company_557,Medical,East,26169,73,0.33,-0.35,1,0,0
ACC558,Company_558,Retail,North,22932,10,0.89,0.45,1,0,1
ACC559,Company_559,Construction,East,35594,18,0.87,0.38,0,0,1
ACC560,Company_560,Retail,North,12421,7,0.94,0.31,1,0,1
ACC561,Company_561,Retail,North,46033,84,0.24,-0.44,1,0,0
ACC562,Company_562,Medical,West,8629,78,0.32,-0.35,0,0,0
ACC563,Company_563,Construction,West,9325,9,0.96,0.42,0,0,1
ACC564,Company_564,Construction,West,29495,75,0.25,-0.41,0,0,0
ACC565,Company_565,Construction,East,32750,80,0.33,-0.35,1,0,0
ACC566,Company_566,Textile,South,30619,21,0.78,0.47,1,0,1
ACC567,Company_567,Medical,North,41461,16,0.85,0.33,1,0,1
ACC568,Company_568,Construction,North,9264,23,0.79,0.38,1,0,1
ACC569,Company_569,Textile,North,13686,87,0.19,-0.43,1,0,0
ACC570,Company_570,Tech,East,47484,24,0.76,0.29,1,0,1
ACC571,Company_571,Tech,West,25226,17,0.86,0.36,0,0,1
ACC572,Company_572,Textile,South,7721,14,0.92,0.45,0,0,1
ACC573,Company_573,Textile,East,21609,12,0.89,0.42,1,0,1
ACC574,Company_574,Medical,West,8373,74,0.34,-0.35,1,0,0
ACC575,Company_575,Medical,East,39675,11,0.91,0.31,1,0,1
ACC576,Company_576,Tech,South,49895,79,0.27,-0.44,1,0,0
ACC577,Company_577,Construction,West,29937,15,0.88,0.38,1,0,1
ACC578,Company_578,Tech,East,6656,71,0.31,-0.35,0,0,0
ACC579,Company_579,Construction,South,9984,77,0.26,-0.41,0,0,0
ACC580,Company_580,Construction,North,30984,72,0.33,-0.35,1,0,0
ACC581,Company_581,Medical,South,9286,9,0.95,0.47,0,0,1
ACC582,Company_582,Retail,North,6901,76,0.28,-0.43,1,0,0
ACC583,Company_583,Retail,East,32552,83,0.24,-0.35,1,0,0
ACC584,Company_584,Textile,West,26709,82,0.32,-0.44,1,0,0
ACC585,Company_585,Medical,West,32055,75,0.25,-0.35,0,0,0
ACC586,Company_586,Construction,East,38685,80,0.33,-0.41,0,0,0
ACC587,Company_587,Retail,West,9429,78,0.29,-0.35,1,0,0
ACC588,Company_588,Construction,West,15716,85,0.22,-0.46,0,0,0
ACC589,Company_589,Retail,North,49563,18,0.86,0.38,0,0,1
ACC590,Company_590,Retail,East,12138,13,0.92,0.42,1,0,1
ACC591,Company_591,Retail,South,36298,74,0.34,-0.35,0,0,0
ACC592,Company_592,Medical,North,24429,22,0.79,0.33,0,0,1
ACC593,Company_593,Tech,East,6772,81,0.27,-0.43,1,1,0
ACC594,Company_594,Construction,North,49244,79,0.31,-0.35,1,1,0
ACC595,Company_595,Medical,South,49519,10,0.94,0.47,0,0,1
ACC596,Company_596,Medical,South,36732,77,0.26,-0.44,1,0,0
ACC597,Company_597,Medical,East,40905,76,0.33,-0.35,0,0,0
ACC598,Company_598,Medical,South,18347,14,0.89,0.31,1,0,1
ACC599,Company_599,Medical,North,17920,83,0.24,-0.41,1,0,0
ACC600,Company_600,Textile,South,32822,16,0.87,0.38,1,0,1
ACC601,Company_601,Construction,North,47659,72,0.32,-0.35,1,0,0
ACC602,Company_602,Medical,North,41108,75,0.25,-0.43,0,0,0
ACC603,Company_603,Construction,South,24563,80,0.33,-0.35,1,0,0
ACC604,Company_604,Textile,East,8967,84,0.29,-0.44,1,0,0
ACC605,Company_605,Textile,West,46183,17,0.85,0.29,1,0,1
ACC606,Company_606,Construction,South,12871,73,0.34,-0.35,0,0,0
ACC607,Company_607,Retail,North,29763,8,0.93,0.45,0,0,1
ACC608,Company_608,Tech,North,12916,82,0.27,-0.41,1,0,0
ACC609,Company_609,Retail,South,9734,78,0.31,-0.35,1,0,0
ACC610,Company_610,Retail,East,34613,19,0.86,0.36,1,1,1
ACC611,Company_611,Retail,East,29179,85,0.24,-0.43,1,1,0
ACC612,Company_612,Medical,North,36262,21,0.78,0.42,1,0,1
ACC613,Company_613,Textile,North,13677,15,0.91,0.33,1,0,1
ACC614,Company_614,Retail,East,19268,71,0.33,-0.35,0,0,0
ACC615,Company_615,Textile,West,13330,77,0.26,-0.44,1,0,0
ACC616,Company_616,Construction,South,21733,79,0.28,-0.35,1,1,0
ACC617,Company_617,Tech,North,38947,83,0.32,-0.41,1,0,0
ACC618,Company_618,Construction,North,28286,86,0.22,-0.35,1,0,0
ACC619,Company_619,Construction,East,7610,74,0.34,-0.43,1,0,0
ACC620,Company_620,Medical,South,7430,76,0.25,-0.35,1,0,0
ACC621,Company_621,Tech,East,40922,80,0.33,-0.44,0,0,0
ACC622,Company_622,Construction,South,14828,11,0.89,0.38,0,0,1
ACC623,Company_623,Construction,South,43913,78,0.29,-0.35,0,0,0
ACC624,Company_624,Tech,South,32497,75,0.27,-0.41,0,0,0
ACC625,Company_625,Tech,North,40256,82,0.31,-0.35,0,0,0
ACC626,Company_626,Construction,West,37618,18,0.86,0.29,0,0,1
ACC627,Company_627,Tech,East,47332,6,0.97,0.47,1,1,1
ACC628,Company_628,Construction,West,27526,14,0.92,0.36,1,0,1
ACC629,Company_629,Construction,East,31158,79,0.34,-0.43,1,0,0
ACC630,Company_630,Medical,South,26032,12,0.94,0.42,1,0,1
ACC631,Company_631,Retail,North,38846,84,0.24,-0.35,1,0,0
ACC632,Company_632,Construction,West,45936,77,0.32,-0.44,1,0,0
ACC633,Company_633,Textile,North,30794,73,0.26,-0.35,0,0,0
ACC634,Company_634,Retail,East,6448,7,0.91,0.31,1,0,1
ACC635,Company_635,Retail,North,29861,81,0.28,-0.41,0,0,0
ACC636,Company_636,Retail,North,29141,80,0.33,-0.35,0,0,0
ACC637,Company_637,Medical,West,10074,16,0.87,0.45,1,0,1
ACC638,Company_638,Construction,South,7406,23,0.76,0.38,1,0,1
ACC639,Company_639,Medical,North,32823,78,0.31,-0.43,1,0,0
ACC640,Company_640,Construction,South,24291,76,0.25,-0.35,1,0,0
ACC641,Company_641,Medical,East,42568,85,0.27,-0.44,1,1,0
ACC642,Company_642,Medical,North,33003,17,0.85,0.33,1,0,1
ACC643,Company_643,Textile,West,47851,5,0.95,0.47,1,0,1
ACC644,Company_644,Medical,East,35406,13,0.92,0.29,0,0,1
ACC645,Company_645,Tech,East,24312,74,0.34,-0.35,1,0,0
ACC646,Company_646,Textile,West,44108,79,0.26,-0.41,1,0,0
ACC647,Company_647,Medical,North,2382,82,0.33,-0.35,0,0,0
ACC648,Company_648,Retail,North,35171,19,0.86,0.36,1,0,1
ACC649,Company_649,Tech,East,42779,77,0.28,-0.43,1,0,0
ACC650,Company_650,Tech,North,4292,71,0.32,-0.35,0,0,0
ACC651,Company_651,Tech,South,42779,22,0.78,0.42,1,0,1
ACC652,Company_652,Textile,West,34187,75,0.25,-0.44,1,0,0
ACC653,Company_653,Medical,South,13411,15,0.91,0.31,1,0,1
ACC654,Company_654,Medical,North,38285,80,0.33,-0.35,1,1,0
ACC655,Company_655,Retail,East,16422,18,0.87,0.38,1,0,1
ACC656,Company_656,Retail,West,43468,76,0.29,-0.41,1,0,0
ACC657,Company_657,Tech,North,33371,73,0.34,-0.35,0,0,0
ACC658,Company_658,Retail,North,6693,24,0.76,0.45,1,0,1
ACC659,Company_659,Textile,East,34535,72,0.27,-0.43,1,0,0
ACC660,Company_660,Medical,East,15818,83,0.31,-0.35,0,0,0
ACC661,Company_661,Tech,South,32238,11,0.89,0.33,0,0,1
ACC662,Company_662,Retail,West,31874,84,0.26,-0.44,1,0,0
ACC663,Company_663,Textile,West,27715,14,0.93,0.38,0,0,1
ACC664,Company_664,Textile,East,28605,81,0.28,-0.35,1,0,0
ACC665,Company_665,Retail,South,35317,79,0.32,-0.41,1,0,0
ACC666,Company_666,Medical,West,32174,78,0.24,-0.35,0,0,0
ACC667,Company_667,Retail,East,10956,74,0.33,-0.43,1,0,0
ACC668,Company_668,Tech,North,39908,16,0.86,0.42,1,0,1
ACC669,Company_669,Retail,West,11837,77,0.25,-0.35,0,0,0
ACC670,Company_670,Textile,South,4716,21,0.78,0.31,0,1,1
ACC671,Company_671,Retail,South,5481,12,0.91,0.47,0,0,1
ACC672,Company_672,Medical,South,25282,80,0.33,-0.44,0,0,0
ACC673,Company_673,Construction,North,7548,9,0.94,0.36,1,0,1
ACC674,Company_674,Retail,West,38605,76,0.29,-0.35,0,0,0
ACC675,Company_675,Medical,West,8758,85,0.22,-0.41,0,0,0
ACC676,Company_676,Medical,North,44668,82,0.27,-0.35,0,0,0
ACC677,Company_677,Textile,West,24177,87,0.19,-0.43,0,0,0
ACC678,Company_678,Medical,North,25022,79,0.31,-0.35,0,0,0
ACC679,Company_679,Medical,North,41761,6,0.95,0.29,1,0,1
ACC680,Company_680,Medical,North,6542,75,0.34,-0.44,0,0,0
ACC681,Company_681,Medical,South,26476,15,0.89,0.38,1,1,1
ACC682,Company_682,Tech,West,31784,78,0.26,-0.35,0,0,0
ACC683,Company_683,Tech,North,23740,83,0.28,-0.41,0,0,0
ACC684,Company_684,Textile,West,25817,17,0.87,0.45,0,0,1
ACC685,Company_685,Retail,South,48596,74,0.33,-0.35,0,0,0
ACC686,Company_686,Medical,North,17052,77,0.25,-0.43,0,0,0
ACC687,Company_687,Retail,East,36153,71,0.32,-0.35,0,0,0
ACC688,Company_688,Retail,South,48076,84,0.27,-0.44,0,1,0
ACC689,Company_689,Textile,East,1671,73,0.33,-0.35,0,0,0
ACC690,Company_690,Medical,West,1163,22,0.79,0.33,1,0,1
ACC691,Company_691,Medical,West,42424,14,0.92,0.42,0,0,1
ACC692,Company_692,Construction,South,45002,10,0.94,0.38,1,0,1
ACC693,Company_693,Retail,West,5795,76,0.29,-0.41,0,0,0
ACC694,Company_694,Retail,East,11634,18,0.86,0.31,1,0,1
ACC695,Company_695,Tech,North,5798,11,0.91,0.47,0,0,1
ACC696,Company_696,Construction,North,23420,82,0.24,-0.35,0,0,0
ACC697,Company_697,Tech,North,30300,85,0.26,-0.43,0,0,0
ACC698,Company_698,Tech,South,25345,79,0.31,-0.35,1,1,0
ACC699,Company_699,Tech,West,11749,75,0.33,-0.44,1,0,0
ACC700,Company_700,Textile,East,39595,16,0.87,0.36,1,0,1
ACC701,Company_701,Textile,West,26121,83,0.28,-0.35,1,0,0
ACC702,Company_702,Tech,West,38487,8,0.93,0.29,0,0,1
ACC703,Company_703,Construction,West,29411,77,0.25,-0.41,0,0,0
ACC704,Company_704,Retail,North,34361,5,0.96,0.45,0,0,1
ACC705,Company_705,Construction,East,22223,13,0.89,0.38,1,0,1
ACC706,Company_706,Medical,East,8394,19,0.85,0.42,0,0,1
ACC707,Company_707,Textile,West,15056,12,0.91,0.33,1,0,1
ACC708,Company_708,Retail,North,29380,81,0.28,-0.41,1,0,0
ACC709,Company_709,Retail,North,27035,9,0.94,0.38,1,0,1
ACC710,Company_710,Medical,East,31620,83,0.25,-0.35,1,0,0
ACC711,Company_711,Medical,North,20877,78,0.33,-0.43,1,0,0
ACC712,Company_712,Tech,North,44404,76,0.27,-0.35,0,1,0
ACC713,Company_713,Textile,North,31911,11,0.91,0.42,1,0,1
ACC714,Company_714,Textile,South,33784,14,0.88,0.33,1,0,1
ACC715,Company_715,Construction,West,4191,74,0.32,-0.44,0,0,0
ACC716,Company_716,Tech,East,34160,6,0.95,0.47,1,0,1
ACC717,Company_717,Tech,East,26000,84,0.24,-0.35,1,0,0
ACC718,Company_718,Tech,South,40040,18,0.86,0.38,0,0,1
ACC719,Company_719,Tech,West,4631,10,0.93,0.42,0,1,1
ACC720,Company_720,Textile,East,7172,16,0.87,0.31,0,0,1
ACC721,Company_721,Textile,North,43080,17,0.85,0.45,1,0,1
ACC722,Company_722,Tech,East,24561,12,0.91,0.36,0,0,1
ACC723,Company_723,Construction,North,25817,79,0.31,-0.41,0,0,0
ACC724,Company_724,Retail,South,21281,13,0.92,0.33,0,0,1
ACC725,Company_725,Retail,North,29671,15,0.89,0.38,1,0,1
ACC726,Company_726,Construction,East,26364,14,0.93,0.42,0,0,1
ACC727,Company_727,Tech,East,42674,77,0.28,-0.35,1,0,0
ACC728,Company_728,Textile,East,28425,19,0.86,0.47,1,0,1
ACC729,Company_729,Retail,South,29602,21,0.78,0.31,0,0,1
ACC730,Company_730,Medical,South,24253,18,0.85,0.36,1,1,1
ACC731,Company_731,Medical,West,24472,22,0.79,0.42,1,0,1
ACC732,Company_732,Construction,East,9080,16,0.87,0.38,0,0,1
ACC733,Company_733,Tech,North,8099,82,0.26,-0.43,1,0,0
ACC734,Company_734,Retail,South,26431,85,0.22,-0.35,0,0,0
ACC735,Company_735,Tech,East,32186,11,0.91,0.45,1,1,1
ACC736,Company_736,Retail,East,48684,9,0.94,0.33,1,0,1
ACC737,Company_737,Construction,South,31111,76,0.33,-0.44,0,0,0
ACC738,Company_738,Construction,West,40851,17,0.86,0.38,0,0,1
ACC739,Company_739,Medical,South,23614,80,0.27,-0.35,1,0,0
ACC740,Company_740,Tech,South,27724,83,0.31,-0.41,1,0,0
ACC741,Company_741,Medical,North,42991,78,0.25,-0.35,0,0,0
ACC742,Company_742,Tech,North,5940,84,0.24,-0.43,1,1,0
ACC743,Company_743,Medical,West,29758,86,0.22,-0.35,1,1,0
ACC744,Company_744,Textile,East,37224,81,0.28,-0.44,1,0,0
ACC745,Company_745,Textile,South,8788,18,0.85,0.42,1,0,1
ACC746,Company_746,Textile,West,29082,77,0.33,-0.35,0,0,0
ACC747,Company_747,Textile,North,25034,7,0.93,0.31,0,0,1
ACC748,Company_748,Retail,South,36479,8,0.91,0.47,0,0,1
ACC749,Company_749,Textile,East,12280,75,0.29,-0.41,0,0,0
ACC750,Company_750,Construction,North,19052,15,0.88,0.38,0,0,1
ACC751,Company_751,Construction,North,17531,82,0.26,-0.35,0,0,0
ACC752,Company_752,Retail,North,23804,19,0.86,0.42,1,0,1
ACC753,Company_753,Textile,West,29903,79,0.32,-0.43,0,1,0
ACC754,Company_754,Textile,East,45857,22,0.78,0.33,1,1,1
ACC755,Company_755,Textile,South,11142,84,0.24,-0.35,1,0,0
ACC756,Company_756,Medical,West,49355,85,0.21,-0.44,1,0,0
ACC757,Company_757,Tech,West,10866,74,0.33,-0.35,0,1,0
ACC758,Company_758,Medical,West,5531,80,0.27,-0.41,1,0,0
ACC759,Company_759,Tech,North,46454,14,0.92,0.38,0,0,1
ACC760,Company_760,Textile,East,39098,81,0.25,-0.35,1,0,0
ACC761,Company_761,Textile,West,39278,83,0.31,-0.43,1,0,0
ACC762,Company_762,Medical,South,29138,78,0.28,-0.35,0,0,0
ACC763,Company_763,Medical,East,28065,10,0.94,0.42,1,0,1
ACC764,Company_764,Tech,South,30956,16,0.87,0.31,1,0,1
ACC765,Company_765,Construction,East,42732,82,0.26,-0.44,1,0,0
ACC766,Company_766,Tech,South,40261,13,0.91,0.38,1,1,1
ACC767,Company_767,Medical,North,11759,79,0.33,-0.35,0,0,0
ACC768,Company_768,Medical,West,6439,11,0.89,0.45,1,0,1
ACC769,Company_769,Retail,South,48241,86,0.22,-0.41,1,0,0
ACC770,Company_770,Medical,East,43533,17,0.85,0.33,0,0,1
ACC771,Company_771,Retail,West,29270,19,0.86,0.47,1,0,1
ACC772,Company_772,Construction,West,14279,21,0.78,0.36,1,1,1
ACC773,Company_773,Tech,East,40279,9,0.93,0.42,1,0,1
ACC774,Company_774,Tech,South,45251,15,0.88,0.31,1,0,1
ACC775,Company_775,Retail,North,24888,18,0.85,0.38,0,0,1
ACC776,Company_776,Tech,North,18630,12,0.91,0.45,1,0,1
ACC777,Company_777,Medical,South,36144,84,0.24,-0.35,0,0,0
ACC778,Company_778,Textile,West,32182,87,0.19,-0.43,1,1,0
ACC779,Company_779,Retail,West,26538,22,0.79,0.33,1,0,1
ACC780,Company_780,Tech,West,12824,77,0.32,-0.44,1,0,0
ACC781,Company_781,Retail,West,33125,14,0.92,0.38,0,1,1
ACC782,Company_782,Retail,South,7979,76,0.33,-0.35,1,0,0
ACC783,Company_783,Textile,West,27189,17,0.86,0.42,1,0,1
ACC784,Company_784,Medical,East,43600,80,0.27,-0.41,0,0,0
ACC785,Company_785,Retail,West,13504,81,0.25,-0.35,0,0,0
ACC786,Company_786,Tech,North,21669,16,0.87,0.47,0,0,1
ACC787,Company_787,Construction,West,7910,11,0.89,0.31,0,0,1
ACC788,Company_788,Retail,South,47857,13,0.91,0.36,1,0,1
ACC789,Company_789,Retail,North,35964,6,0.95,0.42,1,0,1
ACC790,Company_790,Textile,South,21131,15,0.88,0.38,1,0,1
ACC791,Company_791,Medical,South,26227,83,0.28,-0.43,1,0,0
ACC792,Company_792,Construction,North,6978,14,0.92,0.33,0,0,1
ACC793,Company_793,Tech,South,22991,75,0.33,-0.35,1,0,0
ACC794,Company_794,Construction,South,18153,79,0.26,-0.44,1,0,0
ACC795,Company_795,Tech,West,34548,82,0.31,-0.35,1,0,0
ACC796,Company_796,Medical,East,43676,18,0.85,0.45,1,0,1
ACC797,Company_797,Tech,South,40071,78,0.27,-0.41,0,0,0
ACC798,Company_798,Textile,South,48454,16,0.87,0.38,1,0,1
ACC799,Company_799,Textile,South,4983,8,0.93,0.42,1,0,1
ACC800,Company_800,Textile,West,10503,74,0.34,-0.35,1,0,0
ACC801,Company_801,Textile,East,30921,77,0.28,-0.43,0,0,0
ACC802,Company_802,Construction,North,17905,76,0.33,-0.35,0,0,0
ACC803,Company_803,Medical,West,46838,80,0.25,-0.44,1,1,0
ACC804,Company_804,Tech,West,24953,73,0.32,-0.35,1,0,0
ACC805,Company_805,Tech,East,27806,19,0.86,0.31,1,1,1
ACC806,Company_806,Textile,East,46000,21,0.78,0.47,0,0,1
ACC807,Company_807,Textile,West,23168,9,0.94,0.36,1,0,1
ACC808,Company_808,Retail,North,5583,14,0.91,0.42,1,0,1
ACC809,Company_809,Medical,West,39714,81,0.27,-0.35,1,1,0
ACC810,Company_810,Construction,East,40896,84,0.24,-0.43,0,0,0
ACC811,Company_811,Tech,North,12889,79,0.31,-0.35,1,0,0
ACC812,Company_812,Retail,East,28413,77,0.33,-0.44,1,1,0
ACC813,Company_813,Retail,North,13275,10,0.93,0.38,0,0,1
ACC814,Company_814,Tech,South,3461,75,0.28,-0.35,0,0,0
ACC815,Company_815,Construction,East,15291,82,0.26,-0.41,1,0,0
ACC816,Company_816,Retail,East,47804,85,0.22,-0.35,0,0,0
ACC817,Company_817,Retail,West,12435,72,0.34,-0.43,1,0,0
ACC818,Company_818,Medical,East,28935,15,0.89,0.42,0,0,1
ACC819,Company_819,Construction,East,34453,83,0.25,-0.35,0,0,0
ACC820,Company_820,Retail,South,19544,80,0.32,-0.44,1,0,0
ACC821,Company_821,Construction,East,13258,6,0.95,0.31,1,1,1
ACC822,Company_822,Tech,South,31841,11,0.91,0.47,1,1,1
ACC823,Company_823,Textile,South,49758,78,0.27,-0.35,0,0,0
ACC824,Company_824,Retail,South,11736,81,0.33,-0.41,1,0,0
ACC825,Company_825,Medical,South,38643,76,0.28,-0.35,1,0,0
ACC826,Company_826,Tech,North,44950,79,0.31,-0.43,1,0,0
ACC827,Company_827,Construction,West,35964,16,0.87,0.38,1,0,1
ACC828,Company_828,Tech,North,29044,82,0.26,-0.35,1,0,0
ACC829,Company_829,Retail,East,40933,18,0.85,0.42,0,0,1
ACC830,Company_830,Construction,North,16997,74,0.34,-0.44,1,0,0
ACC831,Company_831,Textile,North,15215,14,0.92,0.33,1,0,1
ACC832,Company_832,Tech,East,34069,77,0.25,-0.35,0,0,0
ACC833,Company_833,Retail,East,24911,75,0.33,-0.41,1,0,0
ACC834,Company_834,Medical,East,18030,80,0.27,-0.35,1,0,0
ACC835,Company_835,Construction,North,30334,12,0.91,0.47,1,0,1
ACC836,Company_836,Tech,North,15571,83,0.31,-0.43,1,0,0
ACC837,Company_837,Tech,East,43719,84,0.26,-0.35,1,0,0
ACC838,Company_838,Textile,West,29927,81,0.28,-0.44,0,0,0
ACC839,Company_839,Textile,West,21714,86,0.22,-0.35,0,0,0
ACC840,Company_840,Medical,South,44541,78,0.34,-0.41,0,0,0
ACC841,Company_841,Medical,East,24387,79,0.25,-0.35,1,0,0
ACC842,Company_842,Retail,South,29444,76,0.33,-0.43,0,0,0
ACC843,Company_843,Retail,West,49908,82,0.27,-0.35,1,1,0
ACC844,Company_844,Medical,South,20921,17,0.86,0.38,1,0,1
ACC845,Company_845,Medical,East,14057,80,0.31,-0.44,1,0,0
ACC846,Company_846,Construction,East,46268,74,0.34,-0.35,0,0,0
ACC847,Company_847,Textile,East,25858,85,0.24,-0.41,0,0,0
ACC848,Company_848,Retail,North,49689,83,0.28,-0.35,0,0,0
ACC849,Company_849,Textile,South,45638,79,0.33,-0.43,1,0,0
ACC850,Company_850,Textile,West,27062,77,0.26,-0.35,0,0,0
ACC851,Company_851,Medical,West,37850,81,0.31,-0.44,1,0,0
ACC852,Company_852,Construction,West,47486,75,0.25,-0.35,0,0,0
ACC853,Company_853,Tech,North,21567,82,0.34,-0.41,0,1,0
ACC854,Company_854,Construction,North,30739,13,0.91,0.42,1,1,1
ACC855,Company_855,Construction,East,44285,15,0.88,0.33,1,0,1
ACC856,Company_856,Textile,West,4754,78,0.27,-0.35,0,0,0
ACC857,Company_857,Construction,North,28044,9,0.94,0.47,0,0,1
ACC858,Company_858,Retail,East,2724,76,0.33,-0.43,0,0,0
ACC859,Company_859,Textile,West,2376,74,0.31,-0.35,1,0,0
ACC860,Company_860,Retail,South,9706,80,0.26,-0.44,1,0,0
ACC861,Company_861,Tech,East,9894,79,0.28,-0.35,0,1,0
ACC862,Company_862,Textile,North,19037,18,0.85,0.38,0,1,1
ACC863,Company_863,Tech,North,19450,77,0.34,-0.41,1,0,0
ACC864,Company_864,Textile,East,17406,85,0.22,-0.35,0,0,0
ACC865,Company_865,Medical,East,30725,75,0.33,-0.43,1,0,0
ACC866,Company_866,Construction,North,6926,83,0.27,-0.35,1,0,0
ACC867,Company_867,Medical,South,40019,81,0.31,-0.44,1,0,0
ACC868,Company_868,Tech,West,10496,16,0.87,0.42,1,0,1
ACC869,Company_869,Construction,South,37068,78,0.25,-0.35,1,0,0
ACC870,Company_870,Textile,East,30806,14,0.92,0.31,1,0,1
ACC871,Company_871,Construction,South,23663,82,0.34,-0.41,0,0,0
ACC872,Company_872,Retail,North,42321,10,0.93,0.47,1,0,1
ACC873,Company_873,Construction,East,37495,84,0.26,-0.35,1,0,0
ACC874,Company_874,Retail,West,23656,79,0.33,-0.43,0,0,0
ACC875,Company_875,Construction,North,26860,80,0.28,-0.35,1,0,0
ACC876,Company_876,Retail,North,17832,17,0.85,0.38,0,0,1
ACC877,Company_877,Tech,West,39787,77,0.31,-0.44,1,0,0
ACC878,Company_878,Medical,West,49231,11,0.91,0.42,0,0,1
ACC879,Company_879,Textile,South,22727,76,0.34,-0.35,0,0,0
ACC880,Company_880,Construction,East,43815,75,0.25,-0.41,1,0,0
ACC881,Company_881,Medical,West,30545,83,0.33,-0.35,1,0,0
ACC882,Company_882,Textile,West,45522,78,0.27,-0.43,1,0,0
ACC883,Company_883,Textile,East,3520,81,0.31,-0.35,1,0,0
ACC884,Company_884,Retail,West,4081,15,0.88,0.33,0,0,1
ACC885,Company_885,Tech,West,35196,14,0.92,0.47,0,0,1
ACC886,Company_886,Tech,South,37735,84,0.26,-0.44,0,0,0
ACC887,Company_887,Medical,North,40213,9,0.94,0.38,1,0,1
ACC888,Company_888,Tech,North,15566,19,0.86,0.42,0,0,1
ACC889,Company_889,Construction,North,15042,82,0.28,-0.35,1,0,0
ACC890,Company_890,Tech,North,26498,21,0.78,0.31,1,0,1
ACC891,Company_891,Medical,West,12329,77,0.34,-0.41,0,0,0
ACC892,Company_892,Tech,East,32656,85,0.25,-0.35,1,1,0
ACC893,Company_893,Construction,East,3159,12,0.91,0.47,0,0,1
ACC894,Company_894,Retail,South,38900,79,0.33,-0.43,1,1,0
ACC895,Company_895,Medical,South,20363,86,0.22,-0.35,0,1,0
ACC896,Company_896,Retail,West,48701,80,0.27,-0.44,1,0,0
ACC897,Company_897,Retail,East,44241,83,0.31,-0.35,0,0,0
ACC898,Company_898,Retail,East,20033,16,0.87,0.38,0,0,1
ACC899,Company_899,Textile,North,11805,84,0.26,-0.41,1,1,0
ACC900,Company_900,Textile,West,36851,78,0.34,-0.35,1,0,0
ACC901,Company_901,Retail,West,27832,81,0.25,-0.43,0,0,0
ACC902,Company_902,Medical,North,14944,79,0.33,-0.35,1,0,0
ACC903,Company_903,Construction,West,20873,14,0.92,0.42,1,0,1
ACC904,Company_904,Construction,West,41372,76,0.28,-0.44,1,0,0
ACC905,Company_905,Tech,South,24928,85,0.27,-0.35,0,0,0
ACC906,Company_906,Medical,East,16379,77,0.31,-0.41,0,0,0
ACC907,Company_907,Textile,West,37751,18,0.85,0.31,1,0,1
ACC908,Company_908,Retail,South,35546,87,0.22,-0.35,1,0,0
ACC909,Company_909,Tech,East,25286,17,0.86,0.47,0,0,1
ACC910,Company_910,Construction,North,6110,80,0.34,-0.43,1,0,0
ACC911,Company_911,Textile,South,13087,11,0.91,0.38,0,0,1
ACC912,Company_912,Textile,South,24762,78,0.26,-0.35,1,0,0
ACC913,Company_913,Retail,East,18081,9,0.93,0.42,1,0,1
ACC914,Company_914,Construction,North,35947,82,0.33,-0.44,1,0,0
ACC915,Company_915,Medical,South,10596,79,0.28,-0.35,0,0,0
ACC916,Company_916,Textile,West,39019,83,0.31,-0.41,0,0,0
ACC917,Company_917,Retail,West,43003,76,0.25,-0.35,0,0,0
ACC918,Company_918,Medical,West,19313,75,0.34,-0.43,0,0,0
ACC919,Company_919,Construction,North,48639,10,0.94,0.33,1,0,1
ACC920,Company_920,Textile,South,2013,81,0.27,-0.35,1,0,0
ACC921,Company_921,Medical,West,24705,15,0.89,0.47,0,0,1
ACC922,Company_922,Medical,North,2828,13,0.91,0.38,1,0,1
ACC923,Company_923,Medical,West,8909,77,0.33,-0.44,1,0,0
ACC924,Company_924,Textile,East,39356,80,0.26,-0.35,0,1,0
ACC925,Company_925,Textile,South,14109,84,0.28,-0.41,1,1,0
ACC926,Company_926,Tech,South,3023,79,0.34,-0.35,1,0,0
ACC927,Company_927,Construction,North,15537,85,0.25,-0.43,0,0,0
ACC928,Company_928,Retail,North,27661,11,0.93,0.42,1,0,1
ACC929,Company_929,Medical,South,39659,82,0.31,-0.35,1,0,0
ACC930,Company_930,Tech,West,34848,14,0.91,0.31,1,0,1
ACC931,Company_931,Retail,West,38804,83,0.27,-0.44,0,0,0
ACC932,Company_932,Tech,East,16379,17,0.86,0.47,0,0,1
ACC933,Company_933,Textile,West,28766,78,0.33,-0.35,1,0,0
ACC934,Company_934,Medical,North,44590,16,0.87,0.38,1,0,1
ACC935,Company_935,Retail,North,3563,81,0.26,-0.41,1,0,0
ACC936,Company_936,Retail,West,37060,18,0.85,0.42,0,0,1
ACC937,Company_937,Retail,North,30197,77,0.34,-0.35,0,0,0
ACC938,Company_938,Retail,South,4586,12,0.91,0.33,0,0,1
ACC939,Company_939,Retail,South,17087,19,0.86,0.47,1,0,1
ACC940,Company_940,Tech,West,49868,86,0.25,-0.43,1,0,0
ACC941,Company_941,Medical,South,24225,88,0.22,-0.35,1,0,0
ACC942,Company_942,Textile,South,30750,15,0.89,0.38,1,0,1
ACC943,Company_943,Textile,East,7643,79,0.33,-0.44,1,0,0
ACC944,Company_944,Textile,East,28523,17,0.87,0.42,0,0,1
ACC945,Company_945,Textile,South,37727,85,0.27,-0.35,1,1,0
ACC946,Company_946,Tech,West,12005,80,0.31,-0.41,1,0,0
ACC947,Company_947,Construction,East,44543,10,0.93,0.31,1,0,1
ACC948,Company_948,Medical,North,1161,78,0.34,-0.35,0,0,0
ACC949,Company_949,Retail,North,17029,14,0.91,0.47,1,0,1
ACC950,Company_950,Construction,North,15226,21,0.78,0.38,0,0,1
ACC951,Company_951,Textile,West,29731,16,0.86,0.42,0,0,1
ACC952,Company_952,Construction,South,44922,76,0.33,-0.43,0,0,0
ACC953,Company_953,Medical,North,45848,18,0.85,0.33,0,0,1
ACC954,Company_954,Retail,West,4390,77,0.27,-0.35,0,0,0
ACC955,Company_955,Retail,East,6997,11,0.91,0.47,1,0,1
ACC956,Company_956,Medical,South,13693,13,0.92,0.38,1,0,1
ACC957,Company_957,Medical,East,43092,82,0.31,-0.44,0,0,0
ACC958,Company_958,Textile,West,1541,17,0.86,0.42,0,0,1
ACC959,Company_959,Retail,North,22817,79,0.34,-0.35,0,0,0
ACC960,Company_960,Construction,North,38861,84,0.26,-0.41,1,0,0
ACC961,Company_961,Tech,West,14428,78,0.33,-0.35,1,0,0
ACC962,Company_962,Tech,North,44934,85,0.25,-0.43,0,0,0
ACC963,Company_963,Medical,South,49831,86,0.27,-0.35,1,0,0
ACC964,Company_964,Textile,West,11258,83,0.31,-0.44,1,0,0
ACC965,Company_965,Tech,East,17044,76,0.34,-0.35,0,0,0
ACC966,Company_966,Retail,West,30411,80,0.26,-0.41,0,0,0
ACC967,Company_967,Medical,South,6469,14,0.92,0.38,1,0,1
ACC968,Company_968,Construction,South,29854,77,0.33,-0.35,1,0,0
ACC969,Company_969,Medical,West,7256,16,0.87,0.47,1,0,1
ACC970,Company_970,Construction,West,11720,12,0.91,0.42,0,0,1
ACC971,Company_971,Medical,North,34937,79,0.28,-0.43,0,0,0
ACC972,Company_972,Medical,South,34598,18,0.85,0.33,0,1,1
ACC973,Company_973,Medical,West,2651,15,0.89,0.38,1,0,1
ACC974,Company_974,Construction,West,20194,22,0.78,0.47,1,0,1
ACC975,Company_975,Construction,South,26051,81,0.34,-0.35,0,0,0
ACC976,Company_976,Medical,West,28386,75,0.27,-0.44,1,0,0
ACC977,Company_977,Tech,North,10518,84,0.33,-0.35,0,0,0
ACC978,Company_978,Textile,South,47026,11,0.91,0.42,1,0,1
ACC979,Company_979,Textile,North,17184,14,0.92,0.31,0,1,1
ACC980,Company_980,Textile,North,34787,8,0.94,0.47,1,0,1
ACC981,Company_981,Construction,North,22621,16,0.87,0.38,1,0,1
ACC982,Company_982,Construction,North,11028,10,0.93,0.42,0,0,1
ACC983,Company_983,Tech,South,13448,82,0.31,-0.43,0,0,0
ACC984,Company_984,Textile,North,46253,78,0.26,-0.35,0,0,0
ACC985,Company_985,Textile,North,35051,83,0.34,-0.44,0,0,0
ACC986,Company_986,Medical,West,31447,17,0.86,0.33,0,0,1
ACC987,Company_987,Construction,South,19394,19,0.85,0.38,1,0,1
ACC988,Company_988,Textile,South,35501,86,0.25,-0.35,0,1,0
ACC989,Company_989,Tech,East,31254,85,0.33,-0.41,0,0,0
ACC990,Company_990,Tech,South,19509,79,0.27,-0.35,0,0,0
ACC991,Company_991,Textile,South,49998,80,0.31,-0.43,0,1,0
ACC992,Company_992,Construction,East,15472,77,0.34,-0.35,0,0,0
ACC993,Company_993,Tech,South,46657,84,0.26,-0.44,1,0,0
ACC994,Company_994,Medical,South,4471,9,0.93,0.47,0,0,1
ACC995,Company_995,Tech,South,42796,7,0.95,0.42,0,0,1
ACC996,Company_996,Retail,South,31268,13,0.91,0.38,0,0,1
ACC997,Company_997,Retail,East,9329,11,0.94,0.31,1,0,1
ACC998,Company_998,Construction,South,35865,6,0.96,0.47,1,0,1
ACC999,Company_999,Textile,South,47850,15,0.89,0.42,0,0,1